train_loss/loss,train_loss/recon_loss,train_loss/vq_loss,train_loss/perplexity,epoch,step
0.5637548565864563,0.5574355721473694,0.006319259759038687,7.531906604766846,0,49
0.42834344506263733,0.4217345118522644,0.006608922965824604,8.399842262268066,0,99
0.4191557765007019,0.4101583957672119,0.008997393772006035,10.820377349853516,0,149
0.3647472560405731,0.3557998836040497,0.008947379887104034,13.125493049621582,0,199
