train_loss/loss,train_loss/recon_loss,train_loss/vq_loss,train_loss/perplexity,epoch,step
0.5625455975532532,0.5561059713363647,0.006439632270485163,7.808932781219482,0,49
0.42583268880844116,0.4192745089530945,0.0065581719391047955,8.891290664672852,0,99
