,Our model,Our model,PCA,PCA
,Acc,F1,Acc,F1
DAFX,,,,
Ambience,0.5822784810126582,0.6478873239436619,0.2468354430379747,0.19306930693069307
Combo,1.0,1.0,0.16793893129770993,0.1456953642384106
Delay,0.9733333333333334,0.935897435897436,0.006666666666666667,0.012820512820512822
Dynamics,0.7181208053691275,0.6903225806451613,0.087248322147651,0.09594095940959409
Overdrive,0.9808917197452229,0.9565217391304348,0.0,0.0
RingMod,1.0,1.0,0.38064516129032255,0.23137254901960783
