,high_shelf_cutoff_hz,high_shelf_gain_db,low_shelf_cutoff_hz,low_shelf_gain_db,comp_ratio,comp_threshold,id,p_l_m_hz,p_m_h_hz,p_l_comp_db,p_m_comp_db,p_h_comp_db,p_l_out_db,p_m_out_db,p_h_out_db,p_attack_s,p_release_ms,p_stereo_width
0,1372,2,163,3,20,-21,0,0.6840462684631348,0.2993866801261902,0.4854489266872406,0.36941900849342346,0.4038069546222687,0.4247564971446991,0.4973752796649933,0.40973564982414246,0.4947190284729004,0.42939963936805725,0.1909385323524475
1,1158,1,140,1,19,-25,1,0.6811732053756714,0.28053930401802063,0.45053866505622864,0.35377636551856995,0.44800880551338196,0.4155474305152893,0.5018618702888489,0.4319933354854584,0.4815749526023865,0.4625988304615021,0.16554349660873413
2,1969,6,70,1,19,-18,2,0.7013490200042725,0.25290486216545105,0.3826134204864502,0.32969164848327637,0.48854610323905945,0.3679051101207733,0.5001145601272583,0.4504779279232025,0.4538629949092865,0.4608915448188782,0.14735950529575348
