train_loss/loss,train_loss/reconstruction_loss,train_loss/kl_divergence,beta,epoch,step
0.952293336391449,0.9474936723709106,47.99639129638672,9.999999747378752e-05,0,49
0.8914144039154053,0.8855533599853516,58.61031723022461,9.999999747378752e-05,0,99
0.8513844609260559,0.8432729244232178,81.11531829833984,9.999999747378752e-05,0,149
0.8633995056152344,0.8562855124473572,71.1396484375,9.999999747378752e-05,0,199
0.8325499892234802,0.8217270374298096,108.22955322265625,9.999999747378752e-05,0,249
0.802495002746582,0.7946997284889221,77.95269775390625,9.999999747378752e-05,0,299
